room_id,rir_id,x,y,z,az,el
0,0,0.884610034699463,0.976805547802054,-0.480662009929343,0.834887505494546,1.92053876714264
0,1,0.571363983111488,0.296418746895596,0.0577041091790463,0.478567503617898,1.48138780045788
0,2,0.962176349967498,0.0996426694426514,0.387920972508264,0.10319182621206,1.18940607254955
0,3,-0.100142481389585,0.75337735753576,-0.510425889944021,1.70294637087918,2.16221312319502
0,4,0.247787786398494,0.607804824462536,-0.100710894753533,1.18368978380223,1.72304443881597
0,5,0.523380656950179,1.36253901559088,0.0464323233902744,1.20405272296061,1.53899543207336
0,6,0.0940780004544675,1.15629756099762,0.397348990717906,1.48961373546208,1.24081207502603
0,7,-0.241406598987344,1.01657904771156,-0.749609614839188,1.80394733103005,2.1931268716363
0,8,-0.579901206913561,0.808466152537117,-0.389908068705297,2.19302946991788,1.94429319096939
0,9,-0.543781670336971,0.546724423577353,-0.110333420765862,2.35349597606778,1.71291612383975
0,10,-0.568573105980346,0.286507567407017,0.214096448044418,2.67482489383101,1.24640521549197
0,11,-1.17553754030238,0.540516555482723,-0.652389915570691,2.71061591053921,2.03781737419422
0,12,-1.23857557826402,-0.298942957589047,-0.391001827590364,-2.90476186829488,1.86854823559778
0,13,-0.757265150897604,0.180789964389714,0.00116369402841275,2.90723878724602,1.56930162823902
0,14,-1.38567070498871,-0.283315151282034,0.406453109661222,-2.93991169688904,1.29095683871332
0,15,-0.346851669076701,-0.969549031850063,-0.599580291114651,-1.91435451313541,2.09807916436617
0,16,-0.527017192649976,-0.449949159471388,-0.115341312073722,-2.43491651199661,1.73573022986819
0,17,-0.673527804691505,-0.469004338014982,-0.0709727814432778,-2.5333273044984,1.657056476137
0,18,-0.754274654570528,-0.934100292032947,0.263733723267832,-2.25008639528928,1.35456487757845
0,19,0.0420622594114986,-0.816804359635202,-0.488549852680491,-1.51934564951063,2.10925173119048
0,20,0.158883378746823,-1.42196181148932,0.151062390723716,-1.45952253696797,1.46560782931378
0,21,0.00393975943192316,-1.11560424384298,0.485624506385869,-1.56726483874657,1.16023472408617
0,22,0.860940436260144,-0.0979202437951956,-0.197926482166733,-0.113249716249715,1.79536641846403
0,23,0.611377299239673,-0.300034635957016,0.0489050992853005,-0.456221880461246,1.4991089771318
1,0,0.387027974595841,0.194783663850974,-0.25427575100262,0.466268628266554,2.10150010169011
1,1,1.2467933273111,0.157257044146978,-0.531624488949441,0.12546666665713,1.97100712212012
1,2,1.22184320580161,0.807907814979886,0.0548242870395951,0.584222719700804,1.53338575590612
1,3,1.30453727237869,0.362340756796326,0.401068196205274,0.270924997202318,1.28280488541852
1,4,-0.0399048424401615,0.895865267623661,-0.436470687732803,1.61531025471072,2.02376611914372
1,5,0.0647401086524647,0.852895565888402,-0.302011031129889,1.49503535400832,1.91021691598208
1,6,-0.294607475970289,1.40241912988924,0.297746654079753,1.77785644397912,1.3659367804471
1,7,-0.241396268911453,1.1417880805381,0.647975176891899,1.77914767943883,1.06394221759354
1,8,-0.594692214425812,0.542634651331117,-0.271537192904202,2.40193442272037,1.89610440935082
1,9,-1.23532578117203,0.769152557124269,-0.0585339015197825,2.58469845165922,1.61099843618373
1,10,-0.503850092974543,0.29407751160306,0.179606543558744,2.61327396691857,1.27213887366402
1,11,-0.93551205593263,0.628253294085464,0.597231382584354,2.5502094018708,1.08345246441636
1,12,-0.434583047710569,-0.178152295439659,-0.33327081190522,-2.75254812698344,2.18791478053814
1,13,-1.32033528695995,-0.232121511108796,-0.484031611634259,-2.96756603959458,1.91729018995054
1,14,-1.09528692234548,-0.229690462320705,0.0609356545998496,-2.93488011414359,1.5164000256925
1,15,-0.897933704097793,-0.301422670052486,0.301140227514281,-2.81772730007401,1.26296756461609
1,16,-0.414677320885485,-0.626268156124904,-0.562768152111818,-2.15565867111359,2.21381518415381
1,17,-0.381613802148379,-0.446317247986533,-0.152103496687961,-2.27820224663125,1.82424874833378
1,18,-0.646624038325154,-0.639951516008766,0.103539036096466,-2.36138070912095,1.45747455803845
1,19,-0.564949381604864,-1.27411574203209,0.435987897287039,-1.98815239161836,1.26762318331253
1,20,0.311919995474689,-0.939427066630265,-0.642940326926261,-1.25021728767785,2.14683991624114
1,21,-0.0120651696330405,-0.500652214154126,-0.0871270256504295,-1.59489056718959,1.74304876701295
1,22,-0.0985951479813143,-1.27819381415062,-0.0904014422611229,-1.64778018846453,1.64119624287637
1,23,0.363560730841123,-0.6102883949929,0.227348886944414,-1.03353015726779,1.26105525567144
1,24,-0.0726875947796611,-0.437722402998352,0.249739972895839,-1.73535336985956,1.05815111972816
1,25,0.762270593535515,-0.728283581868109,-0.724342546336349,-0.76260051942596,2.17278880225087
1,26,0.737122700607248,-0.741536768891326,-0.305526945907479,-0.788383336970866,1.85509068872693
1,27,1.17240731115006,-0.0568969693624847,0.0944520723187824,-0.0484919913034381,1.49050152795357
1,28,0.657505592031896,-0.417804440888591,0.19567669907495,-0.56607054206606,1.3247048073753
2,0,0.417626077981244,0.309441244540065,-0.249722900475852,0.637685762356255,2.01867773794075
2,1,1.11806628972473,0.375976908635051,-0.378910811073101,0.324395044568934,1.88160797094945
2,2,1.04120869415965,0.280728134526462,-0.120124836314206,0.263355334020266,1.68173180650592
2,3,0.917826335758137,0.12922577667968,0.291303556178446,0.139876020045309,1.266286660218
2,4,0.56099779624339,0.853194521555333,-0.281042893513552,0.989148425525347,1.83937965487744
2,5,0.700167488192881,1.1610031087062,-0.000542341466700308,1.02812168212962,1.57119634597006
2,6,0.108266036086356,1.1200763621739,0.25226872370199,1.47443616901302,1.35026274896875
2,7,-0.234862715729604,0.548794405384768,-0.326483061303283,1.97517246657409,2.07127868495678
2,8,-0.604932846952685,0.29219812236369,-0.14680276567833,2.69161644956297,1.78593407538562
2,9,-0.767398113075465,0.511930949400955,0.0351011542283741,2.55329040928128,1.5327639034947
2,10,-0.649233669829856,0.38167205601232,0.323398879366757,2.61013193807877,1.16519071383509
2,11,-0.14592019803944,0.451602330357084,0.256456384276112,1.88332378997773,1.07537465540312
2,12,-0.966552361832526,-0.448827572413753,-0.66322543792687,-2.70686190861605,2.12748823954915
2,13,-1.20466755617446,-0.52791715128723,-0.516478235094037,-2.72857265761273,1.94497661388628
2,14,-0.657539072625252,0.190674024802236,0.0241671420011603,2.859352495445,1.53551126020721
2,15,-0.495106803640719,-0.211367650222679,0.139180479484901,-2.73810259048774,1.31779846929671
2,16,-1.14294819015254,0.245923308262516,0.596138563518109,2.92965806913418,1.09925237239185
2,17,-0.559304174385199,-0.488113079986678,-0.429013827807666,-2.42405834318494,2.09482029934473
2,18,-0.230490282499709,-0.865642438139717,-0.421601696001404,-1.83102367966282,2.0106822760779
2,19,-0.18722533800276,-0.602861850929211,-0.0589140760303434,-1.87191366775942,1.66385376079836
2,20,-0.138918923656955,-0.918423724558697,-0.509327487711117,-1.72091635177135,2.07235637432819
2,21,-0.071465098912712,-0.996156844814768,-0.185701698320867,-1.64241443825983,1.75463707746395
2,22,0.183675220742142,-0.760638548074476,0.033546529445354,-1.33385711250302,1.52795164492159
2,23,0.0159099993575257,-0.573246616734794,0.199236904281181,-1.54304925311507,1.23641732222957
2,24,1.18462247312156,-0.12223619329925,-0.674507316096761,-0.102821884559123,2.08612730849447
2,25,0.857873375874923,-0.118432934652809,-0.374133355513185,-0.137186937729826,1.97859769894119
2,26,1.2309504812605,-0.170435550674869,0.132511571703015,-0.137583749955129,1.46456520874893
2,27,1.34716304875983,-0.300649006946261,0.362577657921363,-0.219573800037473,1.31391994559911
3,0,0.674041831600131,0.757770284958825,0.0696261140703916,0.843808906490504,1.50225083259275
3,1,1.07887658835064,0.32200282638604,0.244831758170492,0.290044475564606,1.3566763181843
3,2,0.197734084861573,0.965564104960134,-0.738681669119937,1.36880303429136,2.21395942611259
3,3,-0.136090417011949,1.07841676271694,-0.202035145237101,1.69632741050687,1.75456923477702
3,4,-0.0376283177544823,1.02451294452682,-0.117346226072257,1.60750783162063,1.68476172532766
3,5,0.363795451995991,0.790260063784099,0.318574035370698,1.13936955252596,1.21977425328541
3,6,-0.324707663040063,0.358022405011349,-0.270155894436045,2.30743680468836,2.0804761582313
3,7,-0.553035284655349,0.579202740462864,-0.0344389081172072,2.3330873362436,1.61377402713474
3,8,-0.573561023599129,0.751852216732194,0.400443354363687,2.22247971743342,1.17023224215138
3,9,-0.993322393660128,-0.372630076133656,-0.686305414362719,-2.78270356181664,2.14498847816879
3,10,-0.674110664948783,-0.28351018964861,-0.162475152448811,-2.74348090308711,1.7894177172296
3,11,-1.06095813423984,0.27194701916446,0.00214421554315828,2.89067268478298,1.56883860061984
3,12,-0.927268057307808,-0.343708369329474,0.382296304253337,-2.78662551474403,1.2019123007621
3,13,-0.358551442818144,-1.20393175401811,-0.730594266340434,-1.86024924364657,2.09757340851762
3,14,-0.257769473798412,-0.49870002583397,-0.0957270233749917,-2.04785878638627,1.73969289069737
3,15,-0.493336184036928,-0.818667537985295,0.0374982862108648,-2.11313178431965,1.53158501271606
3,16,-1.09182485285432,-0.713160810133144,0.408934965170398,-2.56298347641953,1.26693139210245
3,17,-0.405506661308992,-0.870733588010553,0.517005129946163,-2.00663508734635,1.07701789147053
3,18,-0.0168589757321274,-0.915900792361957,-0.623509453701204,-1.58920123726388,2.16841432464882
3,19,0.252434503786752,-1.41267032497747,-0.332937152030499,-1.39396951771495,1.79876749091301
3,20,0.226460072085207,-0.700243416987553,-0.0998216741461951,-1.2580105062328,1.70560977836278
3,21,0.370149757599761,-0.485080337749073,0.252299567169517,-0.918983405573593,1.17871748936779
3,22,0.918368986744535,-0.883064478825483,-0.541192944789188,-0.765802663650215,1.97248181961113
3,23,0.601097126757983,-0.657324789503268,-0.092786092593827,-0.830049555068475,1.67459098387417
3,24,0.899537179248674,-0.800263808991619,0.279839617138192,-0.727061492950796,1.34242403413292
4,0,0.500281389093032,0.279382365240733,-0.361370477964205,0.509307919341871,2.13345348193764
4,1,1.19428284093947,0.425446668195881,-0.193621109155364,0.342219531690281,1.72234745140447
4,2,0.871757096912405,0.594436620689487,-0.00355962459866786,0.598463356633803,1.57416992577482
4,3,0.563170152952588,0.405977063030866,0.132032192268789,0.624601157114333,1.38286007223147
4,4,0.422991081428998,1.23713992930971,-0.196507144288769,1.241346323326,1.71997724264191
4,5,0.144057138364115,0.923108430199674,0.0473628374572838,1.41598840739091,1.52014528128824
4,6,0.193263494048732,1.32002238279947,0.573433056887557,1.42541994629487,1.16484242089957
4,7,0.100499199184219,1.06699149944836,0.517780856819761,1.47688407528159,1.12073280224227
4,8,-0.415450457006061,0.55344504784762,-0.559424594997595,2.21472131669417,2.25062994890379
4,9,-0.338041021619861,0.703806560197361,-0.181835181269253,2.01856324925043,1.79960732146637
4,10,-0.629060119839011,0.53741698730505,0.281193686392745,2.43459746730976,1.24317762862423
4,11,-1.28321392001569,0.0411335741008731,-0.626962525681467,3.10954850766045,2.0250699687062
4,12,-1.26342468428788,0.0695974947743254,-0.485053340466888,3.08656189041879,1.93685716680082
4,13,-0.826220199111479,-0.0143268419186797,0.0686668267936743,-3.12425416895135,1.48788969986535
4,14,-1.33968397901149,0.10081286851414,0.194140992660539,3.06648298487748,1.42728284710946
4,15,-0.905064069577621,-0.685452942775964,-0.713807930414928,-2.493402241972,2.13206609586489
4,16,-1.0536568576979,-0.509430934329533,-0.36319229166005,-2.69124131273688,1.8717018157875
4,17,-1.04002446949227,-0.532332827032524,-0.136267044797304,-2.66851286505599,1.68690432308057
4,18,-0.761669300544666,-0.453919394424002,0.212478001157443,-2.60415392156434,1.33559549640541
4,19,-0.875598539286085,-0.465042653880613,0.520794355273449,-2.65336476395495,1.08711804147667
4,20,0.0104944063842666,-0.875820094069627,-0.336512090355064,-1.55881452340222,1.93760612052834
4,21,0.231392768946242,-0.531759545910242,0.0761003180158787,-1.16036383599874,1.44031702932281
4,22,-0.0197323656787667,-0.582042555433009,0.198654394197231,-1.60468527695119,1.24206349108146
4,23,0.969626481810361,-0.168348216414013,-0.674635811865289,-0.171908028644703,2.17173332334472
4,24,1.30581531851882,-0.302338327366502,-0.24785199184311,-0.227523143610126,1.7536455561401
4,25,0.751691161132886,-0.148551390103149,-0.0236468377157407,-0.195108849179281,1.60164784767243
5,0,1.1487693986358,0.476776282199732,-0.181901225856543,0.393397623932041,1.71601562124826
5,1,0.819049087983598,0.782284583188646,-0.112817240343122,0.762443517551858,1.67007684221318
5,2,0.802977400898669,0.324237699309149,0.324468120870794,0.383773041644261,1.2122993973522
5,3,0.243109226699493,1.07797387147161,-0.794363167019385,1.34898297139079,2.19406149570224
5,4,0.190563853919518,0.908432304820453,-0.330108175263445,1.36402230953083,1.91248819868874
5,5,-0.126255001396637,0.739690935226058,-0.0718843697929539,1.73985329005871,1.66630108718499
5,6,0.144409000840885,0.777145129749379,0.255152229085309,1.38707194608268,1.25856067213988
5,7,0.0449571355929218,0.607689563732015,0.345892070014534,1.49695042224346,1.0545102732322
5,8,-0.517816746341893,1.28280549278272,-0.139143008800489,1.95445354105319,1.67104151803872
5,9,-0.522564031892351,0.340857281461986,0.20019894714377,2.56361734471721,1.2602946539171
5,10,-0.958800635454093,-0.438104805179033,-0.487526896175281,-2.71299067719128,2.00398244915494
5,11,-1.07177287511507,0.44309137984851,-0.126933966066816,2.74957187644175,1.67981154287434
5,12,-0.994409741880287,-0.388992491848007,0.196148773481294,-2.76871339249586,1.38912493458079
5,13,-0.317394950894754,-0.872821029938843,-0.600114475413511,-1.91957288113268,2.14446770985083
5,14,-0.187427020721917,-0.532893863858422,-0.145148918229062,-1.9089985945729,1.82230458473707
5,15,-0.164350742367386,-0.700131983607365,-0.0562141113077991,-1.80136426323669,1.64880369363903
5,16,-0.416981878204731,-1.08107146349234,0.326983709954945,-1.93892482005772,1.29575023572769
5,17,-0.0255869950943327,-0.975664701494269,-0.555806872069103,-1.59701551004943,2.08846787761145
5,18,-0.187676436191001,-1.02832147275645,-0.46090375806483,-1.75131705730912,1.98607919011431
5,19,0.150747747180058,-0.546043546217515,0.0153940737581701,-1.30143305614939,1.54362757705034
5,20,0.491008949106772,-1.25646070319059,0.311592748090956,-1.19825703056742,1.34379579602775
5,21,0.702523365008057,-0.154872610342115,-0.585834648426517,-0.216981301486322,2.25422448129043
5,22,0.682972432979199,-0.111366090869423,-0.190575969982141,-0.161638313295046,1.83953600116197
5,23,1.02680282701345,-0.654136165910557,0.134154129295523,-0.567225509721187,1.4610476225872
5,24,1.07537969683592,-1.02205984835423,0.217400724287566,-0.759982238006385,1.42529523127558
6,0,0.843314245554384,0.603967631318133,-0.773058070282914,0.621504908824923,2.21126474636486
6,1,0.939275638577701,0.937409668956507,-0.264287654792174,0.784403873625585,1.76738322100388
6,2,1.25649404778301,0.105599777793442,-0.0639047557012591,0.0838461592095372,1.62143390703156
6,3,0.822160909915583,0.749444776241574,0.17211715835342,0.739162449925369,1.41729877597992
6,4,-0.0547969506643226,0.833104821494053,-0.659023136784741,1.63647609677454,2.23900281609042
6,5,-0.00964634574493716,1.03681736062115,-0.428332009115779,1.58009986259015,1.9625480265255
6,6,-0.119552737692839,0.727871076931009,0.03841245871758,1.73359261938371,1.51876739116122
6,7,-0.0698989537126991,0.799906759927644,0.377787987093329,1.65795879763593,1.13102835779012
6,8,-0.358313938947173,0.750122782560112,-0.541779263579538,2.01642391598301,2.14837904684303
6,9,-0.544541889229085,0.327103739791667,-0.280997936335866,2.60066207865813,1.98727296895385
6,10,-0.887678167459636,0.530674497627616,-0.112122666581193,2.60277536594409,1.67878849616517
6,11,-0.482278906228673,0.527567155147168,0.238220557227617,2.31137783385965,1.2490982543006
6,12,-1.11993153593495,-0.354003491804536,-0.439163760498934,-2.83543701399414,1.92860221035829
6,13,-1.21555656166815,0.391479813779304,-0.139871884358544,2.83002391625327,1.67988956311099
6,14,-0.541197397186411,-0.384921755504822,-0.414057939887636,-2.52336219452605,2.12829158470623
6,15,-0.268861473031433,-0.836699692046818,-0.302830178581679,-1.88171042143987,1.90263535659312
6,16,-0.875179511719955,-0.796829891349381,0.0162755841011001,-2.40301979421948,1.55704612090522
6,17,-0.786286501411819,-0.667583777451341,0.352824047828429,-2.4376598143679,1.24121067075391
6,18,0.404838478507053,-0.594814808057094,-0.408882290640372,-0.973200858308018,2.08756304179344
6,19,0.233127847593597,-1.323146260953,-0.620318989293232,-1.39639427001662,2.0033449978101
6,20,-0.0759921001004044,-1.09867770194657,-0.00703331526456227,-1.63985321503284,1.577182600131
6,21,0.13499035860041,-0.529379357620593,0.0892768439279185,-1.32111978915531,1.40881299005681
6,22,0.551503877359494,-0.980434396305521,0.595838311247161,-1.05839948307401,1.08368804413419
6,23,0.605714129091328,-0.577796225884969,-0.5082022584666,-0.761813471833775,2.11641853137651
6,24,0.401890552450414,-0.475936513889169,-0.260919214513541,-0.869550377265087,1.96745785024923
6,25,1.23169962224049,-0.653117602097945,0.173506725172001,-0.487559360260289,1.44697930524318
6,26,0.566143059316427,-0.0217862890077726,0.0937932717574263,-0.03846297158119,1.40673619250119
7,0,1.12747731943469,0.443496907442641,-0.714692134986336,0.374763350596727,2.10374937136538
7,1,0.78660279897854,0.304695314434714,-0.281242555366964,0.369559083041541,1.89260867445386
7,2,1.03565862252002,0.756475972552273,0.000971438880496671,0.630858116181429,1.5700388785715
7,3,1.12904911676324,0.787608184390785,0.550925704708185,0.609103591286942,1.19011568724073
7,4,0.310016030393656,0.938670146580643,-0.231123362186973,1.25180391716073,1.80047335644472
7,5,0.183926692627923,0.694503517872986,0.0612926808829323,1.311907663962,1.48568950740096
7,6,0.48732412500793,0.649896041443517,0.279095505900298,0.927391640221439,1.23985054738517
7,7,-1.15474195510871,0.804325292239475,-0.285550521531901,2.53319183746268,1.77099132582023
7,8,-0.709417326082539,0.953360545236689,-0.0287815078778411,2.21052540954918,1.59501137106596
7,9,-0.45299660285404,0.295168155965799,0.215215730339333,2.56410034031744,1.19197245473695
7,10,-0.674999975456462,-0.183464580220246,-0.209453666518348,-2.87620445426123,1.86173772961281
7,11,-1.01159083501169,0.465962123380112,0.139351460319049,2.70993974202524,1.44632389442846
7,12,-0.681135745977734,0.172711051111415,0.219215673309127,2.89326308577414,1.2683981652852
7,13,-0.366877803303789,-0.852653332968083,-0.614928528972838,-1.97712881463949,2.15588928238417
7,14,-0.243422151827086,-1.04283903365007,-0.271871994680278,-1.80011287338506,1.81942246191125
7,15,-0.382515460868409,-0.429108933673773,0.0199102610079681,-2.2988497517099,1.53617459215182
7,16,-0.375106009886806,-1.37197471909945,0.311234689612015,-1.8376799307877,1.35537135053736
7,17,-0.731111831256708,-0.638042473401455,0.523283208173294,-2.42406587973671,1.07623604854289
7,18,0.500565985405294,-1.03113292791728,-0.853525956182339,-1.11885435776143,2.21086427550526
7,19,0.063037725184411,-1.40815227594895,0.0932684127180118,-1.52605992489958,1.50472430209494
7,20,0.25777435886168,-1.12561555490668,0.328116686675789,-1.3456708158263,1.2939489475724
7,21,0.0973324880092348,-0.683201816465053,0.341691993391893,-1.42928339067031,1.11104920225718
7,22,0.978491976004437,-0.483535684350603,-0.798190810110046,-0.458968062985454,2.20223159843719
7,23,1.21956909778127,-0.359298201347906,-0.326028774735068,-0.286505250502624,1.82182128979189
7,24,0.536422660135873,-0.367793122742698,-0.0597576584496751,-0.601023593064136,1.66241731695326
7,25,1.38469367014462,-0.309547997256297,0.301465159113589,-0.219933696077512,1.36144131202394
8,0,0.896748690770911,0.562880037345049,-0.836975649517471,0.560531240453923,2.2397285070905
8,1,1.20362591639281,0.193292166484795,-0.235427620549193,0.159232005329339,1.76157189597138
8,2,0.657410686119044,0.363384563777728,-0.00400438669403393,0.504953023583168,1.57612723318484
8,3,-0.26747579610056,1.22072887455118,-0.320224889778949,1.78649903997664,1.82164271694141
8,4,-0.244418443208634,1.19076936199958,0.0616921113779457,1.77324533081502,1.52008929823433
8,5,-0.165929429961931,0.751789357017019,0.148647124453836,1.78802629120026,1.38006573846592
8,6,-0.666268600838207,0.953100655533762,-0.317086420352674,2.18088695119919,1.83699588521302
8,7,-0.420667317290315,1.2998325144632,0.0657986804828108,1.8837903645073,1.52267198924713
8,8,-0.798476489928117,0.689728769489416,0.309056681960113,2.42913790874043,1.28585693677897
8,9,-1.26314607819573,0.112348072452482,-0.66130716135772,3.0528830294345,2.05148077546331
8,10,-0.855054164593448,-0.350099578104696,-0.17279228427295,-2.75296871686034,1.75567507665341
8,11,-1.35111308292469,0.614277331599246,-0.119857191230939,2.71488234215354,1.65137699847997
8,12,-0.685705638884104,0.181780739475027,0.204343364194659,2.88245324920103,1.2903345204077
8,13,-0.61339942507832,-0.470717008210318,-0.522323425922543,-2.48705409050893,2.16491512692626
8,14,-0.762186625019045,-0.913693264610468,-0.36548369738359,-2.26603534336048,1.86881404951134
8,15,-0.424007396618379,-1.08262163045221,-0.0944400576535163,-1.94408267441949,1.65184376944709
8,16,-1.06237067353332,-0.81145542756513,0.511408256256257,-2.48930795617701,1.20541823706468
8,17,-0.0853273595011264,-1.04784056025831,-0.777732434712155,-1.65204867048915,2.2077214536253
8,18,0.348486188947177,-0.900832129871895,-0.362193967691532,-1.20167799803001,1.92955399214118
8,19,-0.169770016069606,-0.962593640732031,0.0485551145555862,-1.74536832970675,1.52116183087078
8,20,0.0540780146591517,-1.02341070280403,0.357179174158253,-1.51800445445354,1.23543845256589
8,21,1.00891933800024,-0.581305693792482,-0.932292641433489,-0.522710620145814,2.24594045183384
8,22,0.735312541027123,-0.182823157503839,-0.277721592220289,-0.243691910743261,1.92212287932202
8,23,0.659299657378558,-0.587436362622084,0.0522027954186637,-0.72782072659814,1.51174783516556
8,24,0.867498688522909,-0.134759804021006,0.372002751972707,-0.154111185108024,1.16999338143091
8,25,0.414354750060404,-0.448404936047414,0.31087381038797,-0.82484428500684,1.09983173019645
9,0,0.984714780278889,0.135109499468011,-0.373764973172356,0.136355327328923,1.93048161860573
9,1,0.793834795850485,0.836814639670921,0.0182507151753485,0.811749563076713,1.55497484202243
9,2,1.30118677114635,0.211038278060975,0.285901399676695,0.16078896320631,1.35721493407297
9,3,0.595224973095462,1.07882499349918,-0.840841593118589,1.06662241805867,2.16963046201342
9,4,0.300078503555566,0.526406683914368,0.0655575166068557,1.05268952510053,1.46302232131563
9,5,-0.222173442562175,1.32968697150699,0.410683457679966,1.73635397529752,1.27509348661848
9,6,-0.677209480134691,1.09238161775704,-0.543506864566206,2.12574766808075,1.97086553491791
9,7,-1.06177467695583,1.01067701121605,-0.16665953423432,2.3808451566897,1.68400194458738
9,8,-0.545131323974398,0.395096986611915,0.380981188653868,2.5144326416053,1.05584218844927
9,9,-0.566864342610639,0.269805485970022,-0.315760451024291,2.69736027988961,2.03681323374011
9,10,-1.00639673702089,0.0293189343574543,-0.369200487347812,3.1124683101745,1.92226895487894
9,11,-0.585076008565996,-0.0746052873718994,-0.0810565837768057,-3.01476326609469,1.70736833108815
9,12,-1.17701033920299,0.00467834842424106,0.30079147284577,3.13761790194047,1.32059772045747
9,13,-0.712681963100227,-0.686008972923051,-0.675140923110532,-2.37526214614359,2.16968701453532
9,14,-0.61081190168899,-0.980599471040886,-0.333445214321885,-2.12788152632879,1.8517875032402
9,15,-0.72352041748735,-0.930920979009783,-0.0313541254376551,-2.23148517594974,1.59738336748839
9,16,-0.331627217823519,-1.34333942585495,0.550009276168383,-1.81282484965568,1.19244622655871
9,17,0.33135896982369,-0.853535165587145,-0.634168776001899,-1.20048664836186,2.17655708333354
9,18,0.0165471490847157,-0.540772247779439,-0.229619963440919,-1.54020676222962,1.97217244788394
9,19,0.0671722050540186,-0.961959143595025,-0.0887306221643616,-1.50108094853521,1.66255337428298
9,20,0.0859279340644147,-0.550855824467399,0.0830953288705408,-1.41605351551068,1.42284025840164
9,21,0.743739319001235,-0.899389063701947,-0.659334455394946,-0.879844021233662,2.08504438906075
9,22,0.974927705076667,-0.125666719078944,-0.22613033192419,-0.12819165818791,1.79690513467312
9,23,0.549716541100291,-0.291995731599129,0.0515022257500471,-0.488275525168546,1.48824384087643
9,24,1.23856149074692,-0.226825639451427,0.302197339330875,-0.18112919680636,1.33525218059368
10,0,1.12189720719984,0.228472597015137,-0.179144145472025,0.200901184902208,1.72600589450341
10,1,0.902619327696763,0.27435777984665,0.120494166992209,0.295083425796296,1.44376014189476
10,2,1.15875900300758,0.307644260291956,0.452909229116659,0.259507821523056,1.20959952511238
10,3,-0.12303539540886,0.583791537643358,0.25804534065565,1.77850891398963,1.16257750921069
10,4,0.372667438303013,0.625195359579897,0.351145663125218,1.03326299841347,1.12128756483498
10,5,-0.292884346594762,0.566527782012483,-0.512290665920202,2.04793661062889,2.24752702613948
10,6,-0.494443345187105,1.28423869480273,-0.281966322807868,1.93831293222877,1.77289657026559
10,7,-0.476049196576368,1.08901270841087,0.535054334512165,1.98290316234236,1.14778714828053
10,8,-0.71288951432959,1.04205354544436,0.612857919552078,2.17078477446957,1.11889315869835
10,9,-0.435033133227089,-0.175306745659627,-0.236620492377831,-2.75852570118322,2.03803132502189
10,10,-0.854259425755069,-0.276699479340918,-0.397025073111467,-2.82835084859175,1.98709803280514
10,11,-0.988474585113611,-0.211617847832893,-0.0674212374043038,-2.93069097311728,1.63739374841864
10,12,-1.34690432590727,0.297412044670313,0.231148832534797,2.92426838721557,1.40476094165016
10,13,-0.751145686634597,-0.393525375319206,-0.156421771895088,-2.65900820798244,1.75320828213706
10,14,-0.849120745711624,-0.640454982152084,-0.112495813937492,-2.49537284053023,1.67617605449757
10,15,-0.903117104336975,-0.873525278365629,0.30447073478934,-2.37284898983953,1.33305303893013
10,16,-0.454530782826059,-0.427079565335286,0.348787186557529,-2.38732201828515,1.06089638713752
10,17,0.353135922014566,-0.813145611446537,-0.567914505008031,-1.16108861519986,2.14054489403793
10,18,0.293699168549028,-0.708564937892065,-0.296431883160628,-1.1778539822707,1.93958557794371
10,19,0.837095205208749,-1.23355978177882,-0.108814105798956,-0.974576769150765,1.64365894333171
10,20,-0.125754265321285,-0.828463847454427,0.301853946188171,-1.72143847480167,1.22503940132238
10,21,1.26694095044094,-0.0771614504566429,-0.689141552828894,-0.0608286108937668,2.06819942532922
10,22,0.852599580741105,-0.528675914616816,-0.423797847947143,-0.555050095110646,1.97049924523207
10,23,0.643748027111426,-0.505386818467403,-0.0192057877759778,-0.665570325210289,1.59425864843305
10,24,0.829014895578046,-0.395167798220386,0.277240071157097,-0.444811270667433,1.27761637731106
11,0,0.707301424522882,0.0331185044090612,-0.385637285810122,0.0467895742148236,2.06950479573488
11,1,0.488607644721731,0.3452407890724,-0.139651907096559,0.615128979305091,1.80011584563362
11,2,0.501128474464233,0.602765676705156,-0.0642572913676675,0.877210821108109,1.65258760253577
11,3,0.551606370095327,0.290278094940847,0.139813774476436,0.484419655146366,1.35014438380381
11,4,-0.0843259833648945,0.764438002848471,-0.500647018401358,1.68066320626866,2.14785522162352
11,5,0.36389671818619,0.503152333438058,-0.0189028817315175,0.94464686891722,1.60122863732743
11,6,0.255295231040386,0.609836137341904,0.147248429321843,1.17433413186977,1.35164668337341
11,7,-0.294235261486297,1.17611994991772,-0.763842622329765,1.81593925133895,2.13301361445852
11,8,-0.364364097804228,0.457491081075626,-0.0891378896231534,2.24336263236846,1.72204178546878
11,9,-0.70954601672856,1.11701508344499,0.11353021689115,2.13670837689405,1.48521398450454
11,10,-0.51782848373803,0.473181543427075,0.252933401472944,2.40121600309812,1.22472649844137
11,11,-1.10659817989971,-0.202347386774425,-0.499842612720339,-2.96073536794326,1.98892156575776
11,12,-0.665827474881421,-0.315389479764358,-0.0338082869140479,-2.69922147520714,1.61665272960063
11,13,-1.03769449248578,0.149836710211204,0.467858753059261,2.99818994413966,1.15107715270321
11,14,-0.495612509768875,-0.856103450583753,-0.250372867904197,-2.09556906328292,1.81869310085654
11,15,-0.821341645540864,-0.399564595168195,0.112039635987384,-2.6888210893249,1.44874054111196
11,16,-0.741821809796768,-1.10674109740749,0.215055634296625,-2.16129342278784,1.41076665496613
11,17,-0.242309597745948,-0.569602513544491,0.321227629891424,-1.97300675253708,1.09210696262599
11,18,-0.100746452107581,-0.609870408938166,-0.445232264867226,-1.73451103155383,2.19500532719502
11,19,-0.0989754218612629,-1.13098373554445,-0.30812739314833,-1.6580866270085,1.83581689853689
11,20,0.0997076780815394,-0.512619397675251,0.0400279902436996,-1.37868875377955,1.49429715428141
11,21,0.113460181835175,-0.749812333964484,0.337578236239723,-1.42061752841167,1.15198340939098
11,22,0.636991124644088,-0.93870320352649,0.57196985738027,-0.974587009450713,1.10379965115007
11,23,0.444900112489173,-0.179734089561377,-0.161852129418662,-0.383939153927235,1.89612047538593
11,24,0.890150704200711,-0.185354025822328,0.166441740765521,-0.205294139208915,1.38974573473171
12,0,0.989660116897311,0.225555987879789,-0.672662911830272,0.224084940141548,2.15604573612082
12,1,1.24856966431426,0.256909695393428,-0.496060533921479,0.202930911334232,1.94191477393985
12,2,0.709742042289571,0.0410430692569692,0.0267299454000112,0.057763818052529,1.53321534972311
12,3,0.872249787060426,0.767075765609338,0.475249231891834,0.721329086853754,1.18242966062886
12,4,-0.151985147367791,0.746266935735507,-0.419556434149521,1.77170917221217,2.0743287366765
12,5,0.20732689671006,0.791232234546106,-0.323632425218873,1.31452737719051,1.94756057635723
12,6,0.0602574386289593,0.963469920755048,-0.0595416292511277,1.50833557400391,1.63239693768012
12,7,-0.156776930309689,0.990316424405084,0.363794074929036,1.72780327809818,1.22273520490927
12,8,-0.479429553318738,0.370679567596733,-0.283563364667661,2.48342818160165,2.00844692119952
12,9,-0.825555226749332,1.21674849585473,0.0640414465896002,2.16694170266675,1.52726949506786
12,10,-0.638574753385428,1.24464583096475,0.325446411313244,2.04483520626017,1.34221773178569
12,11,-0.467000154158135,-0.191726457399733,-0.14890629835296,-2.75202549875182,1.85762861167318
12,12,-0.856681283497966,0.304073102734399,0.201582459815185,2.80052099481173,1.35257566986827
12,13,-0.501774150275899,-0.826572008903643,-0.526597962965401,-2.11638672475176,2.06948040385032
12,14,-0.442976639264855,-0.561168035903317,-0.189134789598779,-2.23903002243223,1.82941847894433
12,15,-0.556204810362007,-0.851126102711719,-0.0437838500372551,-2.1496230503077,1.61383231396251
12,16,-0.702419854525008,-1.08684886164957,0.545203938786217,-2.14455923721804,1.17205755340338
12,17,0.507052637592836,-0.83542292534879,-0.519820243921044,-1.02528858943263,2.05965026344103
12,18,-0.0791049520387305,-0.679540914863222,-0.198069145663332,-1.68668413686753,1.85261081305129
12,19,-0.0874826706356247,-1.3985947715238,0.13818121840612,-1.63326534639222,1.47250675029823
12,20,0.279832522139535,-0.427052848899293,0.222955708646127,-0.990729206482331,1.15907340424473
12,21,-0.0343334729787587,-0.664833866633686,0.364870116619818,-1.62239267583728,1.06942561947239
12,22,0.697738228928339,-0.597133783033266,-0.563884957001393,-0.707859422731269,2.12144992506913
12,23,1.15164668690772,-0.194401416626489,-0.408868482033022,-0.167226549966147,1.90753960917003
12,24,0.551375582157273,-0.328287389519165,0.0265552391149721,-0.537028096817698,1.52943772602455
13,0,0.752934002381974,0.673578213031733,-0.543667416864659,0.72982620145812,2.06449472366446
13,1,0.593946857511086,0.675830581270374,-0.161379827510419,0.849795669838076,1.74827324321126
13,2,1.01915696387,0.585623235523529,-0.0488263359780875,0.521545157100154,1.61231158944058
13,3,1.07649254711227,0.301778893898148,0.491336784792197,0.273319627812071,1.1567240349599
13,4,-0.0630371011658709,0.967862322323825,-0.269808127121731,1.63583470315098,1.84211438514388
13,5,0.445127369443958,1.33749235340112,0.120008235640173,1.2495191757576,1.4858658622713
13,6,-0.735863077466619,0.727349980213435,-0.576432701279787,2.36201250907485,2.0790894506211
13,7,-0.331931563695795,1.23888933302915,-0.340428954603194,1.832574753629,1.8302381968571
13,8,-0.662414742700648,0.523481636052187,-0.106054857597564,2.4728173803285,1.69575601679043
13,9,-0.712297970791862,1.10893339389828,0.496837491602326,2.14175866769354,1.21030348944966
13,10,-0.973211273679759,0.0885049531887642,-0.606759050864695,3.05090096938748,2.12644084746163
13,11,-0.737104292887505,-0.311217507365415,-0.0615772691181741,-2.74208211658661,1.64760573913704
13,12,-0.843500815596472,0.320723857162487,0.367192310162206,2.77824515465588,1.18435718162321
13,13,-0.511589519951932,-0.563869363952564,-0.507119024322288,-2.30762106507214,2.15838433980157
13,14,-1.02905545168703,-0.817264817780542,-0.285071384940158,-2.47040488420647,1.78441806403225
13,15,-0.805880634670051,-1.12690831712831,0.185009548921945,-2.1916015258977,1.43804057135886
13,16,-0.540223587702667,-0.972233865943884,0.231345158053911,-2.07796844425221,1.36572127623056
13,17,-0.0272063467856393,-1.02845188080403,-0.723745766869378,-1.59724384820429,2.18385231036863
13,18,0.67183723153296,-1.21116797087246,-0.352204375154898,-1.06435034458874,1.81981293242864
13,19,0.488723549949873,-0.614634212467872,-0.0344919068803136,-0.89902254103444,1.61469255911636
13,20,0.078875762871927,-0.851247566677425,0.343296628566409,-1.47840113255923,1.1889404255086
13,21,1.0651155482137,-0.206956866174945,-0.521055412709343,-0.191913278107579,2.01849479963335
13,22,0.554583667798159,-0.247401832289194,-0.205309359325924,-0.419609049109013,1.89682050566051
13,23,1.26968145705786,-0.423274477305562,-0.112109665818044,-0.321784099803747,1.6543666326127
13,24,0.611507812086248,-0.304927980540628,0.209867531946443,-0.46256651519842,1.27281086847084
14,0,0.741620002449401,0.300988367988188,-0.580972000046638,0.385541473448964,2.19867984464871
14,1,1.21647926681021,0.452177947476655,-0.345319391224444,0.35588348870074,1.8308513354209
14,2,1.12950856889691,0.120414259208922,0.163833013267112,0.106206514183737,1.42755338839379
14,3,1.03240990316772,0.239533326003423,0.407581108727396,0.227980149678758,1.20366116405132
14,4,-0.134603362678413,0.696796392755608,-0.505692205708352,1.76162046855681,2.189905767658
14,5,0.383185588875004,0.841824430164503,0.154289091693002,1.14363918728206,1.40550698125972
14,6,-0.37520616254894,0.558197731762525,-0.381446203290627,2.16260221226244,2.08670238103521
14,7,-0.358354434658839,0.929679441441258,-0.177288921488959,1.9387059101593,1.74689091258697
14,8,-0.358300112931247,0.373339259002712,-0.0256945271419542,2.33564197614287,1.62041101519673
14,9,-0.680236583145667,-0.304774923600514,-0.507248271529377,-2.72036774823715,2.16832293800031
14,10,-1.24275973847167,0.078409756328657,-0.354931341153453,3.07858291947783,1.84846560180572
14,11,-0.91111850750836,-0.258610355278016,-0.113124494447201,-2.86502822719438,1.6896749828799
14,12,-0.64620649545424,0.119314985456258,0.172971680143766,2.95900986723516,1.31341152823744
14,13,-0.70156464450548,-0.690154583020267,-0.188060435476623,-2.36439284344033,1.75961358778235
14,14,-0.612310984039884,-0.391274605070846,-0.0894436661517144,-2.57298006048137,1.69327065811053
14,15,-0.675466680782193,-0.729204635477451,0.159754965504428,-2.3179565332471,1.41143653666166
14,16,0.59863932626628,-0.921071450933363,-0.677515710728208,-0.994464700621763,2.12344419633827
14,17,0.04706773675694,-0.496780314348617,-0.226392513451466,-1.47633273574387,1.99671280170746
14,18,-0.13851851442764,-1.21676327535437,0.0918998357429711,-1.6841501153568,1.4958933217787
14,19,0.173130708775781,-0.888125036783264,0.21083545884119,-1.37827127066012,1.34187308780434
14,20,1.14619368072571,-0.16405524719429,-0.718751585331267,-0.142164910899467,2.12633411962611
14,21,1.08621712098279,-0.0439047047252278,-0.511559562639441,-0.0403978333057993,2.01062473407803
14,22,0.974266223921171,-0.470482259451175,-0.0672073639871918,-0.449881838427494,1.63283528962722
14,23,1.06375619337872,-0.968529013149105,0.211641173723402,-0.738575218417888,1.42472997674344
15,0,0.443859800412905,0.127060632748344,-0.311987501323452,0.278806876298398,2.16506365813682
15,1,0.59637988292959,0.355774878922586,-0.105084737979223,0.537884389332138,1.72098023653762
15,2,0.884993116957459,0.770826406087566,0.103903929470863,0.716558347240902,1.48249377078046
15,3,0.823052012934252,0.815966987872646,0.255144180802038,0.781075467364937,1.35410588597053
15,4,1.31447625402008,0.0276251773472309,0.654080025347673,0.0210130165579247,1.10916066291632
15,5,0.495140793083827,0.919598355853041,-0.619725152940667,1.07687818505636,2.10632241073301
15,6,0.314851458836548,0.61845327156527,-0.174536037908262,1.09989923107154,1.81718446906738
15,7,0.331616115120801,0.504753529660271,-0.0118972980584976,0.989525544540322,1.59049319944241
15,8,0.186323673849231,0.895592342917901,0.170335679646991,1.36567711649261,1.38669848933369
15,9,0.396895949857648,0.693780991732759,0.392157898531281,1.05116174932107,1.11466864113011
15,10,-0.296976037205545,0.43296028917125,-0.347754721400051,2.1720098576568,2.15581191694714
15,11,-0.46905833390702,1.23347194357149,-0.56059315963111,1.9341834670485,1.97250207000471
15,12,-0.20974546180574,0.509232564054337,-0.0550853606940335,1.9615065689698,1.67048598823028
15,13,-0.290490315234037,0.585834919048963,0.164544058548185,2.03112400484611,1.3242800747903
15,14,-0.625537168307286,0.148295913655196,-0.406165997508809,2.90882020938488,2.13426780545331
15,15,-0.652684975601383,0.233724686633601,-0.257737928083252,2.79772255049957,1.92673285670256
15,16,-0.792256054207577,0.0259425265703741,-0.0443169916271885,3.10885922080819,1.62664593343021
15,17,-0.962751578683759,0.00235936631819925,0.158737222165894,3.13914200936624,1.40738828402935
15,18,-1.17452527184178,-0.0684663166724071,0.665769781579563,-3.08336578909657,1.05584224513044
15,19,-0.424016184536973,-0.296864180368714,-0.0965424102809764,-2.53078304021861,1.7551939598376
15,20,-0.467072635991592,-0.529147935499549,0.0944058407602477,-2.29396414750533,1.4378284404886
15,21,-0.440128709375756,-0.302434109146525,0.0858738356310154,-2.53954352677737,1.41135552382992
15,22,0.141383157483387,-0.784919562296431,-0.631018631247177,-1.39258290477655,2.24014534380633
15,23,0.254387729040869,-1.04934806753335,-0.503260479837182,-1.33296011245658,2.0069522497864
15,24,-0.217475127114372,-1.07281020816706,0.0274717351329,-1.77080145863345,1.54570479555121
15,25,-0.0285202511333411,-1.02964658187634,0.248805025976112,-1.59848831455771,1.33378765408015
15,26,0.812486425034482,-0.57462997916056,-0.661521708725671,-0.61557432414341,2.15746547556084
15,27,1.2019106740785,-0.0600177281328761,-0.288743322939292,-0.0498938220440961,1.8062826490138
15,28,1.20216327495175,-0.243845430334701,0.076597949071232,-0.200123738433829,1.50843220310969
15,29,1.29514485552121,-0.359768046878359,0.324818027312239,-0.270950855133598,1.33369479767573
15,30,1.19951853267377,-0.416419906975397,0.612179031163842,-0.334138835117012,1.12154838699923
16,0,0.447076213245004,0.130071132578463,-0.234367959004251,0.283121764726789,2.03712301836486
16,1,0.532452457004597,0.107666244172819,-0.105776100671857,0.199517908845832,1.7631073090836
16,2,1.1992353654617,0.0768645231191707,0.149594980442434,0.0640070563380528,1.44694693653408
16,3,0.83240621862302,0.88123396758961,0.324156820670867,0.813884039039314,1.30950200353395
16,4,0.555027919951198,0.119388086114845,0.298545277430997,0.211874461523571,1.08667205458893
16,5,0.571477673534577,0.830017320777503,-0.307338412112268,0.967821467604653,1.86681706204439
16,6,0.264363500891396,0.683145602642072,-0.0294412219913541,1.20156446446899,1.61096676140592
16,7,0.424279818549724,1.28056724604228,0.400543483840494,1.25085726216621,1.2821735582646
16,8,-0.576941525521849,0.795331346276165,-0.624393584464353,2.198373385017,2.13689621304577
16,9,-0.33211664317662,0.329336591201347,-0.180473682837887,2.36039741106614,1.93905094881892
16,10,-0.823052521250871,0.448525509231665,0.0251943640215286,2.64263202213285,1.54392398147003
16,11,-0.727142340677937,0.86772172593021,0.416177266913807,2.26827665663587,1.21851894724667
16,12,-0.952003985058991,0.0788026818727384,-0.516396191239363,3.05900535413166,2.06637999655869
16,13,-1.03927979615622,-0.0999558986006081,-0.201659400386075,-3.04570952975424,1.76159326111246
16,14,-1.31424255833791,-0.359251116141677,-0.0545318715243107,-2.87475901847303,1.6107995672984
16,15,-0.757601644778662,0.355423872921369,0.313316840890945,2.70293354471974,1.21254418231318
16,16,-0.553316959274028,-0.971489416950032,-0.221314169460984,-2.08852915313242,1.76622309844878
16,17,-0.681250841248006,-1.27806948295797,0.381082704339677,-2.06051835662227,1.31350366945508
16,18,-0.137560485926301,-0.498637452543273,0.25159284606449,-1.83997374643711,1.11809472500115
16,19,0.120814587991115,-1.31199063486658,-0.400262777218378,-1.47897034588986,1.8657313056737
16,20,-0.062055537871775,-1.32789768573523,-0.186702088021776,-1.61749452001307,1.71033013614321
16,21,0.541259836746129,-1.11664667718288,0.299645229589689,-1.11944809735957,1.33386014605404
16,22,0.745748717609297,-1.08883208173822,0.667987003618575,-0.97027187491496,1.10223847587893
16,23,0.674185228706873,-0.66071048574223,-0.472612357032563,-0.775304277272821,2.03497890493008
16,24,0.707091950498111,-0.247394402148104,-0.355072596632202,-0.336564219992961,2.01341645463632
16,25,0.607987841359798,-0.075781335386042,-0.00821185710582487,-0.124003320598277,1.58419842693967
16,26,0.376701797359995,-0.456668713567332,0.270521725755073,-0.881061291485668,1.14216034487665
17,0,0.647353603506279,0.0872250929809353,-0.333090170232823,0.133934387009947,2.04235886109507
17,1,0.417586521248682,0.270857866996425,0.0671534072784738,0.575409369834279,1.43668876905161
17,2,0.38631156192343,0.325255515699313,0.129687734374721,0.699802771523245,1.31942234694418
17,3,0.00346431734780987,0.891337082633999,-0.480416090073555,1.56690969403677,2.06513918821104
17,4,0.232093925563262,0.657264596884875,-0.278148904783379,1.2313438250749,1.95047754631745
17,5,-0.131352354910407,0.797952007444131,-0.039572389473919,1.73394505786483,1.61969121708601
17,6,0.162214543803867,0.947746728321868,0.197282895303959,1.40128079959062,1.36842854937127
17,7,-0.302466333625898,0.352537527971119,-0.252098017365993,2.27989875502273,2.06803261838477
17,8,-0.538857963140716,0.841365905098321,-0.363552061732265,2.14043304895299,1.91977185225124
17,9,-1.13399979749766,0.951613727092872,-0.16000513829023,2.44342218678191,1.67846221611744
17,10,-0.669071045172982,0.757835813043874,0.20451209193513,2.29406672658594,1.37118851678465
17,11,-0.508648815288495,0.0384953502048833,-0.324261676180279,3.06605506466857,2.13703758765011
17,12,-0.842120053321501,0.139631772127995,-0.360197519893697,2.97727778318083,1.97009420963905
17,13,-0.76332904292953,-0.157329846228322,-0.0557511611166277,-2.93832893398173,1.64220794110778
17,14,-1.4174363305836,0.10816612431781,0.298784520561522,3.06542916865213,1.3636306838739
17,15,-0.555518933182377,-0.370020464419894,-0.131530815397565,-2.55399579838977,1.76536213666401
17,16,-0.719701502935156,-0.508508567152238,0.00520290156335841,-2.52648101360027,1.56489220224059
17,17,-0.929117968349342,-0.871277638813098,0.506311999569215,-2.38830989996242,1.19244370886899
17,18,0.229764418376047,-1.02432957682256,-0.746030389217955,-1.3501414743915,2.18863590529058
17,19,0.362268112259579,-0.532348050582858,-0.260679569411518,-0.973271086179855,1.95546160575832
17,20,0.305995780892644,-0.887279861131974,-0.128409136869521,-1.23869938115812,1.70676687823512
17,21,0.364399981629086,-1.12063841063267,0.547728000292957,-1.25640907053157,1.13569654366381
17,22,0.435817082472457,-1.01859835769527,0.576096224891786,-1.16650607071447,1.0912915256236
17,23,0.671242705509273,-0.541736939624663,-0.210260531993877,-0.679034448993039,1.80989110623774
17,24,0.508912433874368,-0.481068365769581,-0.0945100116745001,-0.757279709537018,1.70494249387717
17,25,0.545274052144436,-0.163803892142722,0.240575742124754,-0.291829726532322,1.17100513537817
18,0,0.761861680441145,0.801607455355621,-0.805031126782024,0.810814217585125,2.20003163190542
18,1,0.489842397551237,0.277715492850764,-0.1915368739308,0.515762436289961,1.89867162687412
18,2,1.14582195960766,0.586939026961356,0.446650637106806,0.473393795406353,1.23685072463562
18,3,0.891076178606542,0.558695715796039,0.575158775023763,0.560028936171424,1.07036407822484
18,4,0.113996148479212,0.717048670704175,-0.272258088816771,1.41313610129861,1.92955246601381
18,5,0.327886321662099,0.411675543329243,0.0412515652058538,0.898212868204801,1.49257514860895
18,6,0.0503491951090336,0.984953014282938,0.454459099196227,1.51972241018708,1.13899738502788
18,7,-0.188270317982701,0.677323723857851,-0.414751293469446,1.84191427846701,2.10380886530804
18,8,-0.711027185011114,0.357620477267079,-0.197294713237978,2.67557733025329,1.81378788867201
18,9,-0.378320884756757,0.336787602540255,-0.0239038623672941,2.41420901039378,1.61795458712308
18,10,-0.792967518664644,0.796068401188497,0.462598085674606,2.35424306886259,1.18024183702877
18,11,-1.14245736977356,0.244287125573462,-0.559828654545996,2.93093886329382,2.01765717958301
18,12,-0.803310907939887,0.281425519697557,-0.232823057686183,2.80462209346146,1.83779491407583
18,13,-0.820746197033435,-0.173504183080723,0.107513344295509,-2.93326179276566,1.44332900422874
18,14,-0.952016042591481,-0.206637036301379,0.392469483030307,-2.92785593523322,1.18781809223899
18,15,-0.836936999532832,-0.578632757958745,-0.149459034962155,-2.53668245168003,1.71664371297756
18,16,-0.388353300879675,-0.634576263059706,-0.000259707082945255,-2.11998421245047,1.57114540511466
18,17,-0.980697762775704,-0.79677816513828,0.369561391204545,-2.45929991027004,1.28625954199479
18,18,0.227341097536373,-0.890410630101668,-0.368282106212063,-1.32081537179721,1.95195178100579
18,19,0.365963451420634,-0.737713903347674,-0.0881299182861355,-1.11029144013988,1.67740936593718
18,20,-0.015728810570735,-0.627197354103766,0.0930430452477895,-1.59586900035663,1.42356870711576
18,21,1.40605567730059,-0.196487947735712,-0.425002575744909,-0.138844925774836,1.86166308375307
18,22,1.02155668552022,-0.594310706651021,-0.103754571367815,-0.52690699126086,1.65836136326598
18,23,0.389517220220757,-0.378997297982006,0.111394223284259,-0.771710373521477,1.36862896370421
19,0,0.952879253102247,0.383288452554069,-0.303239514892643,0.382437997995106,1.85788497121099
19,1,0.387518315475185,0.477540529266178,0.0283985738480119,0.889089773189296,1.52465197769361
19,2,0.644820037038844,0.00313015285885841,0.181672195572371,0.00485426645081959,1.2961770679078
19,3,-0.135643319714127,0.795314178156835,-0.497872475243042,1.7397240250068,2.12369200153306
19,4,-0.00107729081791556,0.664679539282619,-0.167690214224336,1.57241709260901,1.81792628120911
19,5,0.503958614819812,0.826253304525073,-0.0839029485342179,1.02310562287472,1.65727314754874
19,6,-0.18447164781594,0.879252421676468,0.326587385009587,1.77760185181336,1.22212551951126
19,7,-0.240994450200644,0.587729195879001,-0.440824535725265,1.9599306714991,2.1774651050898
19,8,-0.179001698577066,0.660739607817862,-0.105871295861997,1.83535716666593,1.72423729559223
19,9,-0.881100513953754,0.666316214475573,-0.0525860013063256,2.49411511789991,1.61836339426666
19,10,-0.218310400362286,0.626433581944693,0.148309253951058,1.90613179472278,1.35084846186608
19,11,-0.420283582188397,-0.168748301313394,-0.364322466556181,-2.7597847382808,2.24823237389491
19,12,-0.942182573503212,-0.171688660479168,-0.261015321934197,-2.96134595622387,1.83687831200716
19,13,-0.679703805406194,0.0684600877463954,-0.0652096391452214,3.04121071400335,1.66596334043676
19,14,-0.539759812179715,0.247894578995289,0.148585270920538,2.71105798109302,1.32566800487831
19,15,-1.00221643836285,-1.08070057900814,-0.254611925624283,-2.31853239021607,1.74185633441349
19,16,-0.852610817821186,-1.12321917562982,0.157291590975124,-2.22008200116572,1.45971424861272
19,17,-0.614521596496561,-0.61070597216017,0.290363087108099,-2.35930869697237,1.24741283482853
19,18,0.0565526522968874,-0.952915972726,-0.675733064762858,-1.51151890892809,2.18678856817372
19,19,0.0384527147407674,-1.33886444287381,-0.305325400118056,-1.54208382534685,1.79492067741882
19,20,0.222122704300888,-0.853521344703022,-0.0423968383913932,-1.31620094380845,1.61883100900559
19,21,0.722348256027007,-0.956567882147211,0.197741899046031,-0.92401000730048,1.40730106192226
19,22,0.764922258776673,-0.0471831570641219,-0.356111191675714,-0.0616055434392922,2.00578179018363
19,23,1.30176293394535,-0.675350417962267,-0.0435443947219419,-0.478571706273076,1.60047990707579
19,24,1.13515157130076,-0.279151092448014,0.316417903551009,-0.241130521300386,1.30645025333791
19,25,1.09059925610177,-0.239883555605737,0.548567020794429,-0.216508078415143,1.11417094459451
20,0,0.567267940827559,0.494838341126801,-0.420797115115113,0.717309276142586,2.08052352006651
20,1,1.06996749962863,0.126077642552077,-0.363437824183871,0.117292292826234,1.89614673904104
20,2,0.858409114460358,0.317896865099871,-0.00785115583992838,0.354672422901178,1.57937303178522
20,3,1.03389992875061,0.153445044762104,0.393492408427012,0.147338317990101,1.21074027219696
20,4,0.243011836340208,0.39881745496139,-0.332656860467466,1.02354403611147,2.18972496506737
20,5,-0.0331115549924727,0.653255343899158,-0.239974706570208,1.62143998781389,1.9224301174386
20,6,-0.0189098492776326,1.32349080328341,0.00584112615798101,1.58508321312446,1.56638338179407
20,7,0.114735618423525,1.2850049751506,0.417750869869789,1.48174440379497,1.25764247772274
20,8,-0.590918688690373,0.894945384826251,-0.375710777527416,2.15436757835925,1.90776957921583
20,9,-0.44780542796393,0.916234906225968,0.0369403210402498,2.02539963816659,1.53458947221504
20,10,-0.323260848926949,0.522411372041808,0.169998644173672,2.12491467098977,1.30083322575905
20,11,-0.886689029120179,0.549483757612826,0.563015308124295,2.58681156459263,1.07587280858759
20,12,-1.12520762876023,-0.280799251774678,-0.795486683884596,-2.89703447921699,2.17201850083396
20,13,-1.19087034454732,-0.403118900275731,-0.434456109397433,-2.81519233088398,1.90351084722311
20,14,-1.3230623379206,0.406899021192234,-0.189027554303802,2.84322980427127,1.70651587881738
20,15,-1.07406376861717,-0.484186123550588,0.558495767211509,-2.71807505688904,1.1281293547561
20,16,-0.499505695098267,0.193487711977379,0.293015614874493,2.77203151025466,1.07025416539045
20,17,-0.512600578475532,-0.322855798282453,-0.475559724612718,-2.57952122559443,2.23632959335166
20,18,-0.528343940136477,-1.0038891339252,-0.451565841179874,-2.05525962054079,1.94962385017561
20,19,-0.12008273867324,-0.525501838593494,-0.0467885783034838,-1.7954496828754,1.65737796893966
20,20,-1.00345744217537,-0.837976321598992,0.225250868771608,-2.44581911132122,1.40017412915618
20,21,-0.0565370046426217,-0.866410793726747,-0.276984650914133,-1.63595821343884,1.87960422378035
20,22,0.11492090075451,-1.05780206832286,0.0815810212297563,-1.46257953887194,1.49427404543322
20,23,-0.0173480107400319,-1.30913032518998,0.410776739728975,-1.58404710485349,1.26677235216113
20,24,0.0945373130717013,-0.591050783716586,0.308023334186729,-1.41219189519996,1.09553371640914
20,25,0.895815212743819,-0.428451670080297,-0.500646157707648,-0.446122181101664,2.03777729060403
20,26,1.15953262029265,-0.190775627633066,-0.445380783548393,-0.163067131157965,1.93307638639839
20,27,0.875986597190692,-0.673953725455762,0.10468000910693,-0.655780164682831,1.47636595841138
20,28,0.912752748221833,-0.672026831860591,0.285595182533922,-0.634651841365712,1.32396723474284
21,0,0.595154991586146,0.402127547954549,0.156499149460954,0.594208855147107,1.35626660319675
21,1,-0.133117733741712,1.25516752839099,-0.200971655445358,1.67645710696149,1.7286933600889
21,2,0.563744414974099,1.06047626024585,0.0328892575210023,1.08219295587834,1.54341843353483
21,3,0.643517246043802,0.878246993050221,0.337452141038023,0.93844044446039,1.27024787506406
21,4,-0.902575776056128,0.65390048485025,-0.319649458007621,2.51462365540264,1.85009581946387
21,5,-0.442045703732228,0.37784206027954,0.031463550564951,2.43434285662177,1.51674360486641
21,6,-1.01928387272215,0.519702775411132,0.397558766013299,2.67007986261622,1.23637066822261
21,7,-0.785863033568283,-0.218119938226924,-0.124697701650486,-2.8708529607659,1.72251741957363
21,8,-1.06703942840445,0.308402483793909,-0.0842618523533816,2.8602336073898,1.64651408445771
21,9,-0.716429817093344,0.0137431395418862,0.295526755662255,3.1224121925717,1.17962623986145
21,10,-0.859120822334069,-0.164418979870992,0.447420999020532,-2.95249863650338,1.09798612720826
21,11,-0.42302622532069,-1.13587039645117,-0.771218078219048,-1.92730731645563,2.13746127125563
21,12,-0.311685923699186,-0.643710828922494,-0.252189410093432,-2.02172566398782,1.90979760687334
21,13,-0.40577068258318,-1.20020653810344,0.15814138452495,-1.89681641172656,1.44661739397886
21,14,-0.936302859767294,-0.961683136639852,0.318529931092096,-2.34282307213031,1.33778740001511
21,15,0.325096055110708,-1.14976316122133,-0.61116242445152,-1.29523895473353,2.04360270328314
21,16,-0.0936120164895385,-0.828547302546267,-0.170834825203483,-1.68330253282681,1.77288208925108
21,17,0.172501955953486,-0.537516671294415,-0.0442050421848064,-1.26025551059692,1.64894261235223
21,18,-0.133866999109867,-0.723462694517226,0.32583157283946,-1.75376337722256,1.1538956830842
21,19,0.772927099218317,-0.83598150805207,-0.884139604299786,-0.824568913135522,2.23107602471547
21,20,0.57927306180248,-0.264929753090199,-0.134822535656141,-0.428948234909036,1.77937651374684
21,21,1.03002557037275,-0.0795239297136002,-0.0352238586187756,-0.0770529273630783,1.60487872944626
21,22,0.614533551552699,-0.350603913433902,0.256094199535126,-0.518461207431286,1.2235031943748
22,0,0.389308003408869,0.235332783585146,-0.265192223649942,0.543714410601427,2.09858963101099
22,1,0.367509378495771,0.355075664246353,-0.144294672186683,0.768192593719726,1.8459974530132
22,2,1.00313418772945,0.0770135703590556,-0.115869362318073,0.0766226452594783,1.68545958490242
22,3,1.14240861284543,0.481592978386292,0.342436188463075,0.398952740193978,1.30130601408238
22,4,0.489787905369577,1.07808748244652,-0.870402690366534,1.14436246465353,2.20466476504848
22,5,0.631748007343733,0.851874491225664,-0.463965541927931,0.932694531440809,1.9831821193527
22,6,0.415387117939771,0.93287813370278,0.303668058537468,1.15187882704141,1.28175426523501
22,7,-0.00811570209183233,0.696753295635969,0.343042271917376,1.58244368482639,1.11331917261165
22,8,-0.707590584646609,0.539776843771546,-0.482739627858694,2.48992585457842,2.06780398961851
22,9,-0.641562937148554,0.779366094458084,-0.250753629782821,2.25951580432807,1.81427147897034
22,10,-0.375696364347689,0.941112430924643,0.206581407827775,1.95061678298545,1.36968850735882
22,11,-0.639494326004041,0.0498080174321926,-0.408750434961,3.06386301105769,2.13815448657673
22,12,-0.518801707768948,0.191774868810081,-0.238493103984862,2.78752093364729,1.9778933295154
22,13,-1.08452759846215,-0.205038379875887,-0.0349019094519968,-2.9547402551784,1.60240730373892
22,14,-0.604568749664042,0.0570826863189967,0.137370228030754,3.04745289070901,1.34832659675799
22,15,-0.296033446116204,-0.359690611660942,-0.332425728117254,-2.25941854948306,2.19058809980966
22,16,-0.354485512316375,-0.925064575966146,-0.19048515240191,-1.93673730933993,1.76075919297347
22,17,-0.583830579144745,-1.10598176850666,-0.0887569230946232,-2.05650184975319,1.64164779108899
22,18,-0.424434561499917,-1.18590534170345,0.54345132213936,-1.91449088151769,1.16346854396694
22,19,-0.861777814478222,-0.434104861926343,0.497902633362712,-2.67496408889642,1.09443578970387
22,20,-0.176342385813485,-1.08783015910387,-0.645682232839554,-1.73150308087121,2.10078541669419
22,21,0.330309673820447,-0.577497502717909,-0.160464443415741,-1.05124420603446,1.80747142092952
22,22,0.585832771788006,-0.899342205112118,0.0545011768248213,-0.993436569785254,1.52006179063198
22,23,0.660666562079754,-0.888893816934802,0.505219072668818,-0.931631963261153,1.1428238797068
22,24,-0.196993061809113,-1.14592356755293,0.669170427710784,-1.74103999408345,1.04857485279923
22,25,1.14136364854626,-0.327279294432543,-0.60566315392535,-0.279251494074199,2.04248526516558
22,26,0.761283095854984,-0.357561291887098,-0.330417615047952,-0.439100741412304,1.94512632834837
22,27,0.685050856945,-0.567737262167766,-0.101906328288419,-0.692028434667288,1.68483556478206
22,28,1.09569466479304,-0.715321146046674,0.279510463356802,-0.578374133198428,1.36035134514071
22,29,1.16793115211643,-0.1095818812986,0.639192200827382,-0.0935517560810298,1.07188272316305
23,0,0.672837732986882,0.102080905381734,-0.413492710865796,0.150568716146449,2.11678339696786
23,1,0.874589254025142,0.597670473705994,-0.439620815443781,0.599479362102109,1.964175621616
23,2,1.12728253367041,0.852403166945853,-0.00396451689516306,0.647430289291373,1.57360151031122
23,3,0.820856012982038,0.761316453283986,0.428198734925141,0.74778438895714,1.20549130224652
23,4,1.07615960805012,0.808180928899231,0.654215784138099,0.644131927126958,1.11832762638325
23,5,0.597892098431324,0.818698451796907,-0.553594379411111,0.940025583285286,2.07061849398008
23,6,0.370215973343375,1.01017962185206,-0.367540792832035,1.21951142218865,1.89998448447419
23,7,0.509932137916134,0.819188417123028,0.120354916972455,1.01400791554734,1.44670870092918
23,8,0.32144320843768,0.414876056801509,0.185397848642391,0.911615379377071,1.23122709610245
23,9,0.145248053712762,0.77468977135154,0.44358925890859,1.3854562059917,1.05818215751612
23,10,-0.343965525177579,0.449300335696545,-0.303011136453622,2.22418050929367,2.06243891941084
23,11,-0.422963837394889,0.598860431381651,-0.00640693237861857,2.18572540401685,1.57953482564488
23,12,-0.844585864812958,0.4750763664104,0.311709953732786,2.62920605575447,1.25957787522692
23,13,-0.894052382347241,-0.240987342664026,-0.544874670141864,-2.87830495894775,2.1026740100228
23,14,-0.623722554555835,-0.268230744740741,-0.24795124372259,-2.73545394064392,1.92094441662382
23,15,-0.968624487709322,0.270334067662072,-0.0550092308079772,2.86942736090605,1.62544252882761
23,16,-0.499545302338367,-0.145126311983115,0.10978261932008,-2.8588585715929,1.36280865317127
23,17,-0.294194055781404,-1.00022837197164,-0.185307459714621,-1.85685627133652,1.7466959866759
23,18,-0.894421832569107,-0.856288189814455,0.221764460155519,-2.37797286192707,1.39357762135928
23,19,0.0641261226897606,-0.463441808549345,-0.344111589696692,-1.43330008625093,2.20495617909853
23,20,0.640862583004149,-1.02356153663722,-0.228399848007249,-1.01139887800218,1.75771827608018
23,21,0.693167330960959,-1.23457263024712,0.309758745184312,-1.05919467173634,1.35541162124782
23,22,0.201934469238576,-0.819542222659377,0.414827045746562,-1.32920960327835,1.11399609235567
23,23,0.560474064566715,-0.209183151274165,-0.326304538030602,-0.357213940721796,2.07013386664964
23,24,0.871798691876408,-0.179056055372735,-0.361211053491463,-0.202569891982546,1.95634131804221
23,25,1.39059083424348,-0.541830390152895,0.0563395265622701,-0.37154392345033,1.53306384142278
23,26,0.507534401130295,-0.197557193878304,0.108799235198341,-0.371203945148568,1.37362398831678
24,0,0.597297981412835,0.673841638608544,-0.494008427170245,0.845542100468536,2.07257796765439
24,1,1.29885596179937,0.324714056639884,-0.423916736907141,0.244978711089464,1.87744133263703
24,2,0.611668457612257,0.596296552651293,0.0868055831346044,0.772673394757791,1.46952537365829
24,3,1.22091924536636,0.111213023652491,0.342969290247177,0.0908388958896877,1.29801713667799
24,4,0.118752137770938,0.534413733490725,-0.361618290161085,1.35213891736124,2.15455366634811
24,5,0.299692344930334,0.932656517304845,-0.267547652971682,1.25988561496366,1.83740692102231
24,6,0.554053058748464,0.92996753029993,-0.0799135492030589,1.03348792343031,1.64448553995611
24,7,0.266062834701397,0.932902866422003,0.500486898192855,1.29297325760102,1.09450044671547
24,8,-0.664753677588888,1.07675988832488,-0.556604951289615,2.12388632770696,1.98518164405138
24,9,-0.900999868059748,0.438694914643257,0.0919243877417691,2.68848158290785,1.47932282879872
24,10,-0.802737146508656,0.0797926756197029,-0.663274020107086,3.04251735158021,2.25893611939474
24,11,-1.03179798499088,0.153566129680919,-0.151448076245428,2.99384370901532,1.7149705682986
24,12,-0.907711548602436,0.223944846042981,-0.0303521660519545,2.89970939205432,1.60324961619524
24,13,-0.731836188758915,0.308820171271187,0.152401405854105,2.74228282545521,1.38123739428555
24,14,-0.307291996446007,-0.735415685736527,-0.55330475439419,-1.96659363066301,2.1776217161622
24,15,-0.399493470633821,-1.1727877324819,-0.48813848827055,-1.89910462776034,1.94611093373278
24,16,-0.23497809404198,-0.940995291628754,0.0730036746528969,-1.81550419060529,1.49566794823481
24,17,-0.634745850978254,-0.899400402868174,0.480809836738558,-2.18536649527434,1.15899802763811
24,18,-0.495249050423177,-0.509909805066054,0.409300186384745,-2.3416100142494,1.04835666623602
24,19,0.144907289268449,-0.50017168448756,-0.268062342289401,-1.2888017240623,2.04619176714706
24,20,-0.0561932397701296,-0.518273197188747,-0.241837208732707,-1.67879840419521,2.00515107754444
24,21,0.51003172381013,-1.08463846825613,0.109329090351902,-1.13124542698735,1.47983187414039
24,22,0.116621706623792,-0.80054087404301,0.191848664691535,-1.42613530281226,1.33795199842625
24,23,0.892549666680808,-0.0434417266803818,-0.735634182945155,-0.0486331167115062,2.25953609159387
24,24,1.14470137962779,-0.48078824101113,-0.331851510103392,-0.397638136508278,1.83197456002391
24,25,0.733211098509799,-0.407101251966252,0.0919644022856141,-0.506850169443496,1.4615747543211
24,26,1.11543487106362,-0.471934861234753,0.31418404924615,-0.400255947200698,1.31698402271612
25,0,0.629940057091891,0.184290595958212,-0.128714960791111,0.284610382627027,1.764447737847
25,1,0.651890615545473,0.303333014317571,-0.0465765430240751,0.435514789366711,1.63548485081055
25,2,1.2554547414349,0.663962637510566,0.278025399555083,0.486469930060692,1.37747831607498
25,3,0.173137026743708,0.388008554557268,-0.324639583535621,1.15109061769311,2.22323843496685
25,4,-0.137225289541467,0.80419388441939,-0.285512925374781,1.73980559619687,1.90744572061245
25,5,0.328841585170925,1.12091533854368,0.0802065979124881,1.28543425232472,1.50224304549127
25,6,-0.0905089340484835,0.690911574705883,0.255001427612809,1.70105389949297,1.21998075163023
25,7,-0.76086484537698,0.968082055417595,-0.362876344994668,2.23691177021643,1.85739294897183
25,8,-0.555446584367007,0.850202587928263,0.104058818797906,2.14949552156245,1.46868836250857
25,9,-1.10570901860912,0.649933529407365,0.280938947825909,2.61019354124859,1.35515958946346
25,10,-0.750392004344404,0.119585375221745,-0.289148816366525,2.98355770263436,1.9344051031687
25,11,-1.05690265607894,0.156240240689418,-0.128772729740155,2.99482718257828,1.69074755770082
25,12,-1.02861845089645,-0.324162439864152,0.35303141156684,-2.83630126917574,1.25445025445073
25,13,-0.31915087669166,-0.449295357687668,-0.40641656973735,-2.18842588242103,2.20621644531602
25,14,-0.768057669103755,-0.73918523902809,-0.47117456147583,-2.37534793863282,1.98698748593365
25,15,-1.11842226130774,-0.930806343380558,-0.0156496506012223,-2.44749437065989,1.58155106645647
25,16,-0.395959445792595,-0.739825442470708,0.27341761295621,-2.06221092953278,1.25580687650562
25,17,-0.666795736242691,-0.469758967672077,0.386990519314069,-2.52785156088021,1.12779294580555
25,18,0.415622984295452,-0.753325659779288,-0.540707877995202,-1.06663541900114,2.13187798671191
25,19,-0.087570282171032,-0.492786499282564,0.0634879931132131,-1.74666472914085,1.44462276362268
25,20,0.381453395627945,-1.34977230596625,0.387090371576575,-1.29537296408329,1.30152555773469
25,21,-0.000494951975028991,-0.518799798278011,0.29670373184255,-1.57175035921069,1.05129200653016
25,22,0.512381900085664,-0.272057117515994,-0.414322136158557,-0.488112053986431,2.19098176694804
25,23,0.903424452575319,-0.954038382646445,-0.271314629782862,-0.812640382000051,1.77442800507163
25,24,1.03830978508291,-0.51440294731073,0.0236245112917433,-0.459979617783044,1.55041119314151
25,25,1.35284844508895,-0.0452744665640969,0.485902223032566,-0.0334535446188549,1.22615395572229
26,0,0.950417937635981,0.79243329492737,-0.456264749815436,0.694997993317196,1.92404834737678
26,1,0.544479883784163,0.520884846567024,0.00848428990341058,0.763254403762004,1.55953713170839
26,2,1.16602047237018,0.584532442900101,0.56067850337484,0.464691440895182,1.16481749066909
26,3,0.385095534814654,0.827269286902497,-0.291001059287909,1.1351259535437,1.87950299485204
26,4,0.0621856052346973,0.676567306443038,0.00874930610608538,1.47914044753681,1.55791941182503
26,5,0.102150302888474,1.37474431859005,0.202420843288574,1.49662768060966,1.42500048495424
26,6,-0.549097447927003,0.748892292877546,-0.592287283844731,2.20346680441914,2.13855422202913
26,7,-0.586338294384959,0.59158320308527,-0.229672141461532,2.35174183859418,1.83985208675706
26,8,-0.844068715157089,0.806676384940042,0.00950632484634095,2.37884240645984,1.56265441028647
26,9,-0.689489813735165,0.456661159551162,0.198473563980983,2.55660706874925,1.33525980247935
26,10,-0.411548791347177,0.061372417285744,-0.315282015696144,2.99355807697902,2.21921221727456
26,11,-0.898572644378691,0.262499868102222,-0.348049583228937,2.85737175210351,1.92675531233278
26,12,-0.63614429024813,-0.141259013410302,0.0861296532035647,-2.92308307672675,1.43938421355058
26,13,-0.993125335324741,-0.111540900433368,0.249069911945611,-3.02974834329404,1.32654526762882
26,14,-0.231318788829042,-0.88435471480797,-0.590773750383036,-1.82663242717593,2.14455558659752
26,15,-0.240419568164996,-0.511196793646896,-0.139220896776896,-2.01040885884054,1.81242892184108
26,16,-0.219985639474033,-0.541081042927918,0.0783194731204418,-1.95695096974124,1.43750360203224
26,17,0.14436717256515,-1.03797732406235,-0.846781705088161,-1.43259781742801,2.25040950165744
26,18,0.149265079138436,-0.748963938172887,-0.182114393262203,-1.37407834389384,1.80488981818702
26,19,0.484505840318971,-0.899178543665507,0.0945664280065468,-1.07656809639593,1.47847485437919
26,20,0.442422629547715,-1.06079041892335,0.388961284992826,-1.17566257575841,1.24447713634912
26,21,0.466647156921926,-0.270870937620909,-0.247875945919484,-0.52592942209254,2.00143925321508
26,22,0.579798641775803,-0.520658152457813,-0.103717107778518,-0.731708048511983,1.70311500736915
26,23,0.529236790530821,-0.573239409753457,0.276235712033967,-0.82528952429532,1.23050693017072
27,0,0.48817320645061,0.429182847033652,-0.39651157929464,0.721181821278441,2.1185435385768
27,1,1.34213276364806,0.129659873042169,-0.259244792765449,0.0963084647689441,1.76074220641616
27,2,0.511514465160673,0.31963772235047,-0.0189542523360888,0.558516622578643,1.60221032922883
27,3,1.32290655542577,0.110718830936747,0.225771181670593,0.0834990174246131,1.40233969929264
27,4,0.426361035628483,0.78502031048457,-0.364175483310487,1.07324981487197,1.95788874625205
27,5,0.26138120111988,1.25148597659034,-0.0899622364390346,1.36489941705699,1.64104652866494
27,6,0.396657299682281,0.7790706518568,0.272392075753907,1.0998621894555,1.26875221476404
27,7,0.187568223401966,0.90966606401488,0.53520017936866,1.36745158531921,1.04804116501275
27,8,-0.59399640378162,0.489075038911849,-0.598898549126464,2.45276705513487,2.23220474851185
27,9,-0.555446745333684,0.306384604996103,-0.158704083410963,2.63752161691174,1.81595009408387
27,10,-0.932693561177384,0.882174790332826,-0.163794320769777,2.38402335655565,1.69769599770751
27,11,-0.477862403863501,0.652721767829356,0.187647086175469,2.2027474522222,1.34286331853884
27,12,-1.17370407535228,0.49974837385457,-0.54504165819742,2.73905528397663,1.97457939539183
27,13,-0.729291834460722,0.197671378759757,0.061249168496178,2.87690647498445,1.48991351377737
27,14,-0.535907045074549,-0.219351005607506,0.177728827081763,-2.75308803767942,1.27299748185459
27,15,-0.677003604876618,-1.1169388078002,-0.352834943684986,-2.11570672734476,1.83464308979249
27,16,-0.562223087786942,-1.05815737702661,-0.0116583931339918,-2.05918701359957,1.58052557432963
27,17,-0.967424455015027,-0.678403782404176,0.224060065532226,-2.53003006875417,1.38339460923906
27,18,0.482229639749668,-0.685016807377474,-0.0567665856344099,-0.957412502205532,1.63845519295918
27,19,0.251219214874155,-0.700612766950721,0.109061130109454,-1.22650663150624,1.42530154655313
27,20,0.331496468623269,-1.2506494409239,0.723190664512133,-1.31169503635035,1.0611073822143
27,21,0.915582531113042,-0.435917469817074,-0.794793409606285,-0.444353136042824,2.23556502064675
27,22,1.04907451780247,-0.268895819576736,-0.282571176271566,-0.250915348011145,1.82602423664557
27,23,1.183565567219,-0.683399835651545,0.0700226131987408,-0.523641824623675,1.51960619458546
27,24,0.936115550571626,-0.815455932822183,0.347905393923923,-0.716620324105607,1.29757096836424
